Split,Molecular Weight (MW),CharVol (characteristic volume),Flexibility (number of rotatable bonds / number of bonds),Number of Heavy Atoms (HA),RingAtoms,Halogens,HeteroAtoms,RotBonds (NRotB),AllBonds,RingCount,NumStereo,Fraction of sp3 Carbon Atoms (FSP3),Hydrogen Bond Donors (HBD),Hydrogen Bond Acceptors (HBA),cLogD^7.4,Topological polar surface area (TPSA),Total non-polar surface area (TNSA),Ensemble_Average_PSA_Chloroform_ANI,Ensemble_Average_Num_IMHB_Chloroform_ANI,Ensemble_Average_RadiusOfGyration_Chloroform_ANI
1,-0.0004681466061722039,-0.0008751184864410844,-0.003542279509153512,-0.0022101159104252143,-8.486239004996676e-05,-0.00012627774518390034,0.002249960872334311,0.0023044783697174554,-0.0017478633775259266,-0.0006598781293992939,0.003517719369947714,0.005010328262578722,-0.00203323828174371,0.009274216287921733,0.0038553229035057867,0.004952019684742415,-0.003107507464271975,0.01186304439946877,0.07465993973726333,0.0347951588445633
2,0.0041858171476903076,-0.00041324430985376635,0.10573726643171136,0.017822437195930862,-0.01922945356390828,0.02823297321746159,0.10382778845548199,0.09066796778685142,0.013148206217821201,0.009676602343453244,-0.10828454875544238,-0.08138548540245216,-0.018656957165029665,0.04527170660731254,-0.08449911199875575,-0.025405080207413056,-0.0005244605076268671,-0.0658556043316594,0.06369168330057731,0.07791238632235194
3,-0.1801306080285731,-0.12417975112151888,0.2012462315270092,-0.16632024352446462,0.04339623901786205,-0.06899884917169907,-0.23890732903629797,-0.035800449871522,-0.18281481525847776,-0.009700173069631201,-0.05710654209026356,0.05435695609425972,-0.07954131836377676,-0.028489552596070312,0.2185687427382314,-0.08259132903221025,0.06461971042100081,0.00621809252628931,-0.07217910510988719,0.022756320669466135
4,-0.2187792072736431,-0.21270844601148114,0.05579568809206594,-0.130418805134151,-0.254615171813648,-0.029098859693894454,0.016340052030766918,0.1617126332669092,-0.29252416829947775,-0.3088572518721457,0.044478729674377424,0.09241514625971074,0.0178370446687345,-0.02059393250797408,-0.43815938068105,0.0667448620305942,-0.4104452807351793,-0.2265639550636628,-0.1636690887092843,-0.12291770666301298
5,0.0007562148011315495,-0.00038248482281428854,-0.021299692487623135,0.009602687113072949,-0.0017961923735157815,0.0002245960320399254,-0.01306663509549264,-0.006209966844509451,0.008328110549696644,0.0027169454410032935,0.04797329209532937,0.004840163865036229,0.04302446057378082,0.022093966493763384,-0.09666339230048467,-0.051081732770518286,-0.013809198045807491,-0.01661167320474153,0.08141676830621927,0.018023978974029096
6,-0.0005584623931525811,-0.002250102043175173,0.01747693892763289,0.00380457587687677,0.0448552544316148,-0.0038068465600883616,-0.007235114386946661,0.0029972054497570564,0.005222491656031414,0.026140719634762964,-0.03249141529824766,0.08887633591481794,-0.007150873645001865,-0.0037156525012906226,-0.010608040910546634,0.004570140582307447,-0.0029479913431737837,0.007933314660790326,0.003174467461500874,0.011083324541974781
7,-0.0002228257396182709,-0.036777351441249315,-0.002800785237598058,-0.00344349896638918,-0.12455934786943908,-0.2749652386020503,-0.07422915425925805,0.0006304264329069831,-0.01075303566369965,-0.13357564593985072,-0.058506150131442156,-0.18361431864724018,0.09974984286217144,-0.019100393479225496,0.0027092141628732415,0.0026634285712101137,-0.06170977521112753,-0.09900337688091221,0.09622052148337393,0.001330367767330154
8,0.010328928521167824,-0.029883177274848616,0.026324906340223952,0.015372414574197201,0.0013443765240929828,0.0010710940132342861,0.02397531238838162,0.0498726660367399,0.016685169965584203,0.004077085452982155,-0.10884103126767689,-0.08272560567642909,-0.029038857086504867,0.012652566932450138,-0.1547381329068077,0.001141458517783689,-0.06940870692324261,-0.10250544415421745,-0.02790653262454903,-0.006219396576055747
9,-0.04509002835733593,-0.015952396742914265,0.0001163653705064771,-0.03993031454026132,-0.296775221579529,-0.7170765156849344,-0.1214405824375679,0.014315836380541125,-0.013195727556233683,-0.2968387135588028,0.01983658790402054,0.03438257615425346,-0.34967324694884344,-0.17967413394234155,0.19815780259220855,-0.17189372360074895,-0.01633923130643309,0.24136292048431454,-0.4223957001161242,-0.02726964839474686
10,-0.005636256069230794,-0.00896872362774619,0.00833954293760326,-0.014823207819294203,-0.055297627267482954,-0.06656111276617752,-0.03893446456555556,-0.024381522207273167,-0.019526665223180674,-0.044550610826641114,0.0005400214963820815,-0.029770605344809332,-0.21948024422524162,-0.2513209477870272,-0.009783593413923564,-0.427528842490685,0.007328623918783794,0.011785861097542117,-0.03618768965513328,0.03012112203754369
11,-0.1367648965860647,-0.2163298069770529,0.07800002052333821,-0.21420453426001554,-0.042400016168710405,0.09374053801568243,-0.026504220781309408,-0.04123393126631747,-0.2303809074924959,-0.016444062380008218,-0.013099180565563228,-0.05167241078729945,0.033925717024283354,0.12747570245674228,0.5604468491463621,0.008383399923813206,-0.38715555571335586,0.03578027766559964,-0.19557641227316563,0.3001939306409613
12,-0.0047351113208488945,-0.0038936099717896246,0.0014961922804614502,-0.0043264845813688725,0.07827471387737715,0.042345550065254076,0.0020708172627018962,0.004281219367002498,-0.0021077262513569004,0.07837930738593335,-0.003187821232626298,0.002916789744151238,-0.014852056500051735,0.021307790135357264,-0.004765956576649732,-0.01541459963195615,0.0020752939890486322,-0.0027677999991636117,-0.04183346452338423,-0.030574350088617232
13,-0.11281085792922108,0.10986280582824656,-0.08710249039671707,0.06637660528101304,-0.21807171634950434,-0.3063007527071985,0.026370581605607412,0.2955915160049664,-0.01018005471622141,-0.32284380908184235,-0.05978139268556264,0.12071762680124927,0.07803740916918996,-0.10554833344577426,-1.3098822758314725,-0.11458915470722189,-0.354380419662765,0.10108094495787805,-0.112827602358057,-0.17671199406847565
14,-0.08571695972830845,-0.04355714793245642,0.1150376826419099,-0.07861444184759703,-0.0008924339999350384,-0.034860343112215156,-0.14257409942288288,0.04246548059078174,-0.06955162508026153,0.0019709732475830188,-0.004621690159399483,-0.0005575959432058353,-0.010252799586471429,0.06646025753171299,-0.03277563375573659,0.004823116929462534,0.005553305358338201,-0.06153941296318902,0.0603728612255424,0.22201690340964514
15,0.00087196614707028,0.0022950291896055575,0.07118661086796021,0.0013287124430796827,-0.09278955905972534,-0.0033340621321466648,-0.003565693875655929,0.030658547835921347,-0.002640432311842056,-0.0613515468997749,0.031534625661758575,-0.005090609501440713,-0.005652175853084818,0.11372101968193485,-0.007585879145246432,-0.024909839411016564,0.004674441238751848,-0.0039924551400004615,-0.021911161259375776,0.1981135186790107
16,0.01254065864697831,0.030679848265679755,-0.0028166191405825324,0.007617588860701696,-0.05696212501033491,0.016043869755798457,-0.002092791844237207,-0.008669491784887118,-0.005362303149944103,-0.049832787335513926,-0.04309217734364523,0.0003139858079395985,0.005077277417076464,0.06947577939725721,0.024132446721655754,0.021952425624966666,0.005156626556918664,0.08549738528961578,-0.0003825515079673769,0.02617752772243742
17,0.17148670794169787,0.18142010558585087,-0.07874468468931876,0.254223389606401,-0.007193257882730908,-0.24794751251454442,0.11992695111415355,-0.13273285296397158,0.23918702110037984,-0.2274189762297592,-0.7228098333448381,-0.33182004624033745,0.06322534366880897,-0.8298609987234764,0.4638346170565876,-0.0072315796090475,0.25616835246477415,0.24265036246855373,-0.006817465603103479,-0.15382627163834917
18,-0.025783146829594504,-0.05508010727335515,0.19513614007215666,-0.017682743018885082,0.004062894993394605,0.1454720224735244,0.05598856798468288,0.10996873295331362,-0.014398907641870906,-0.0012888000709329716,-0.013228020686870479,-0.2955260251837819,0.003966042740367781,0.2128074904326422,-0.00015399047578248392,0.10399022249255443,-0.03998280953742102,-0.09773430710369609,-0.03347027500763293,-0.024886502257834266
19,-0.013639690263349524,-0.017470328826126667,0.015167635946894853,-0.01927427534926305,-0.08092599958447799,-0.046746514627134285,-0.017562639087194132,-0.011729803938226247,-0.026115864134520737,-0.03724014293439539,-0.0014645066394708417,-0.1113023220240249,-0.0809165445528645,-0.1347371975256718,0.009294500650804371,-0.2344854482424017,0.14857658605729146,0.016696012531855597,-0.22967481496000824,0.15319863014390406
20,-0.011966552533234642,-0.017364206034428297,0.031076530617915467,-0.024648804005351077,-0.019921934366722006,-0.009837696442389387,-0.011839098104092227,-0.0024841769115840685,-0.0293215658341452,-0.024586603801713448,0.02590635433844495,-0.00290634751149772,0.10631693952791026,-0.07527688471362244,0.024446777619521944,-0.03429721066597401,-0.010486280185970332,0.01827609571069839,0.013447997622344453,-2.6491483715895824e-05
21,-5.4737855480313516e-05,-0.0026777808917926916,0.0017863520578355273,-0.0007660815930339738,0.05871961697464423,-0.038125507365259506,-0.005639677036338453,0.0003907424277362681,-0.0022901190448834097,0.06218637590557914,0.048205107038151895,0.026137105500696967,0.029588019179461543,-0.003197085015173862,-0.00033198161929834933,0.008434447176325854,-0.0026848606595279547,0.06466809033612594,0.020540982263026787,0.004086427381431446
22,-0.27955810408649323,-0.29562949161784796,-0.012450554710705664,-0.33538466286176943,-0.3301654235891128,-0.0697222433325578,-0.06007397331690902,-0.11859660988875062,-0.5915114039063115,-0.37682478911023826,-0.10685126549576003,-0.29092228090299804,-0.008528578923751829,-0.03728176235892548,-0.07595020698714228,0.004121128206593739,-0.6304650120375671,-0.21205041524193544,0.08145011633496022,-0.004499647847644228
23,0.01065891230389866,0.059702895520852194,-0.7023730541679838,0.00047984848769502266,-0.5698333140309837,-0.0051029880965305805,-0.12433852898599325,-0.23305673196600898,0.00040509350018593795,-0.4584169748849159,-0.00203931594446658,0.284992878553592,0.38862595269903777,-0.2803925588899411,0.041167307576029974,-0.13390870254988202,-0.056719427210603524,-0.3904806914664222,-0.04392878457192086,-1.9758266434328977
24,-0.004017099451486849,-0.0051305465158278715,-0.03752505034617979,-0.0044045442858559715,-0.5185216162086661,-0.1992357954764476,-0.005977632782495945,0.005193810284947675,-0.01941278138067526,-0.6395943194652803,-0.11523816044190313,-0.12299238791463063,-0.012666254410655586,-0.18980793071277063,-0.01051027985052313,-0.037778935137767575,-0.00831139385773354,-0.05744389895246269,0.027195921284905732,-0.001698034713963903
25,-0.00023461920562231064,-0.001272316119793815,0.09817836517415171,-0.00010239167877739153,-0.017548736114880926,0.00795482410168089,-0.005342850967165647,0.017582565978922115,-0.000249982745827193,-0.0039976473150217465,-0.04469274967083701,0.01052401576856019,-0.04504997182951427,0.06965958535722025,-0.020714274938464096,-0.027448214119277958,-0.0020123411207153773,-0.14821622582478902,0.06068614597299249,-0.020519010842567954
26,0.00023459993752255047,-0.00018761270793037353,-0.00424041318721653,0.0019204681848085325,-0.012906946588156876,-0.0013125902766389697,0.009228989543348897,-0.0031561799504215672,0.0016940774166297912,-0.018450933804256397,0.062164855908663365,0.14711001019407405,-0.020702645358261596,-0.02659242596876108,0.003666531711125831,-0.0027472797632221435,4.236546121469953e-05,0.015589602964907323,-0.02013838864637154,0.0032848918796163805
27,-0.001539750088845704,0.025225956952750917,0.005235924584052709,-0.02024105185474525,-0.07100514271411076,-0.11186442245984744,-0.017815416457310374,-0.001964602837805929,-0.03327905109482141,-0.07156750615213961,0.010224461134067876,-0.11791137545240556,0.0022273713859925605,-0.22178606968354,-0.005108024502589315,-0.2261138038757983,0.06373326593119524,-0.03814022170724751,0.09870177720087318,-0.0011634382448632685
28,0.04305839054973011,0.06337932380320113,-0.21047437378290734,0.05013611050249631,0.4410700604111697,0.17740041513006122,-0.020888441621443054,-0.06501669249859798,0.011676900742163366,0.36241305807343543,-0.07023310501832432,0.2423580702990916,-0.20307677843691302,-0.1182794299273229,-0.027320725234712386,-0.07534055659668622,0.04653444995125835,0.00979657246103105,-0.16547223044973186,-0.20787392230177634
29,0.06208604653898826,-0.05023253376906354,-0.04756711817929551,-0.024679270879199633,-1.0735468504882801,-0.37344659371615135,0.03439592405451575,0.01245259330218822,-0.15004472017733028,-1.0151207500588666,-0.03307789820628502,-0.13683837651262798,0.020033115062409835,-0.14745645690453207,0.1583948123430599,-0.267006862764647,-0.015931366315530625,-0.015181730887781474,-0.194911665282654,-0.050148379448463974
30,-0.014292286778085916,-0.016889682833511943,0.00042420416946786776,0.005573012071928063,0.05597471853601369,-0.011174087647674469,-0.018969175500700975,0.009260286218566626,0.029082404203329203,0.08571057459870202,0.0022998322356721614,0.02145715173627887,-0.006520733325425044,0.016368559938479677,0.003598891274603244,0.023266623332696412,0.0062952754342943005,0.004064057660738385,0.02183120995540826,0.015323332133685951
31,0.014305275090855885,0.017543508698004872,-0.04640449050255713,0.02154444889994287,-0.172322931415877,-0.0010078343100059061,-0.019015354048615762,-0.009909390534531326,0.009261724856782515,-0.19648257282143228,-0.0022259622223476327,0.0027954599103535926,-0.018174296913160415,-0.00889350898058141,-0.013790419904198182,-0.03548334146997356,-0.02613378711945784,-0.04869263122601146,-0.07118299796778835,0.0013092389305141782
32,0.06508722465323138,-0.10526547344864903,-0.36471172532555113,0.04442108295712468,-0.020349280129235224,0.13786616182130357,0.3814585702315477,-0.177422228096144,0.04027646277638164,-0.06803937544937702,0.07006185403254003,-0.3191883738369666,-0.48339804616072624,0.0950199953295324,-0.10774187974584089,0.12147699253480085,0.01979841562312181,-0.679511150601552,-0.8004241130576247,0.8655869942334521
33,-0.04032312644862603,-0.017795588688422504,-0.02562669043853878,-0.03213954979248688,-0.09766802066121372,-0.0030394621338310835,-0.008093295037807379,0.014235633690506089,-0.05530425715964775,-0.10784800471733817,-0.012944322579853718,-0.010249756324347326,-0.009314995556401539,-0.008606528061334839,-0.08315982107435797,-0.0024526471376929313,-0.07491111748144222,0.014775008517915512,-0.00022357481272408108,-0.1233438234093434
34,-0.3018010393207441,-0.17772730718000268,0.045436942967065484,-0.34594722233916764,-0.18238259119491151,-0.1745931709490542,-0.2838407917046765,0.0220000759116457,-0.4295956779032382,-0.20754616153922428,-0.0018985628019175139,0.17173308784148583,0.0042385321600944435,-0.035501689684740254,-0.042704913385048074,-0.045741263143956344,-0.10132845488520074,0.060187217842707995,0.024127084763886853,-0.056802901350619404
35,-0.025562671270236946,-0.02574041229549424,0.039097370873824214,-0.06188492095731011,-0.41354497993342054,-0.13306915745301637,-0.13478354918055588,-0.04936294088787827,-0.0994520489891193,-0.3848548601301625,-0.04892917197736919,-0.03112417315521885,-0.3919934419371248,-0.6310082549334288,0.00019237875852207154,-1.2739212106333127,0.00816140552462068,-0.03932761417352593,-0.04819770307768199,0.2016828031801457
36,-0.7304020944365165,-0.25904280871132085,0.5870192935710283,-0.9976410636347044,0.19852271635401486,-0.6703460546322875,-0.9658590425489099,0.24311584246572632,-0.9061639960028149,0.18704028611702786,0.012379461989845186,0.4319375783657269,-0.022211286795103025,0.07841692124063497,-0.19730359694866734,-0.05750533875749184,-0.39153978449037075,1.0407070333591601,-0.05469089352650749,0.07985769343070692
37,0.002715212487960761,-0.02829112800833402,-0.010374283812570662,0.010418969575639592,-0.016290914941235735,0.07372126640555395,0.05478118379214965,0.0016905050953963218,0.013558082108054249,-0.0028409612259784113,-0.13628960727352216,-0.2200988821698983,0.014047879494127224,0.09053872390951292,-0.10207207470821333,-0.01429951854078304,-0.038380473169710716,-0.22339692828207197,0.002151411765509348,0.020310530801039506
38,0.0016368186168589371,-0.004976243496406818,-0.025286684245427037,0.006533294739985207,-0.19062634943260323,-0.18209733275816786,-0.00587781030157033,0.004701142998299002,0.00020823701677152862,-0.20446739301492395,-0.10643988096334187,0.0005622863022028302,0.012006145618214382,-0.10890527660085025,0.011983476936361325,-0.011268976162530687,0.005769459673434385,0.0008546927106889424,-0.2829311784695113,0.03422271169553026
39,-0.0059749864284841525,-0.017186572267452148,-0.09654724789623573,0.01635562514366127,0.018626853095557026,0.005048080998754423,-0.0072766659302595516,-0.0195885548937341,0.018056210049717247,-0.02796094945793757,-0.026682240880525045,0.0061212435760581215,-0.026098169831134933,-0.008928554214061201,-0.07130597621017228,0.011630090875407362,-0.06713313503790677,-0.00786973419584831,-0.00998751943372569,-0.010522252781842444
40,0.02057736862155477,0.014508009218612884,-0.07887991469107966,0.018959922589547262,9.98648887615694e-06,-0.0008280652271689393,0.023929139236194063,-0.0375968066257409,0.01856285785976839,0.0003810598850611413,0.018863379638028956,0.014988455356587615,-0.07997883824151555,-0.019607789746708605,0.006643185261476736,-0.0230986690049771,0.019214923016753184,-0.055261620130071167,-0.08481459724100697,-0.10201455632485605
41,-0.00324946854894661,0.0022314090228199635,-0.006104395461023482,-0.009071183124072946,-0.050952492864444546,1.0378181419446486,-0.03568112431386754,0.0038297069514605653,0.0057689407005171,0.021515466992507802,0.07594178670501117,0.0031791456320308777,0.043355085964264996,-0.03726463005873533,0.09857210766430047,-0.05043983532363951,0.021133151338074883,-0.04209556736783339,0.038353358907579974,-0.005346889964213841
42,-0.025159774257499823,-0.020418329834197647,-0.044516526679589365,-0.006130370316805944,-0.08094088582679655,-0.009283316939188647,-0.004239993339005999,-0.008951032844087691,-0.017372988601350503,-0.07931513552992402,-0.01882979346038205,0.050797088094937326,-0.3711280456580356,-0.10025402605278785,-0.13174950100248436,-0.1267568004092244,-0.15749029970676293,0.010213229603648788,-0.10931537124497859,-0.137442274027383
43,-0.001786773441622591,-0.0033886774743470127,0.0011342408913785462,-0.0038699807426370468,-0.1110182571526698,0.14200270921768637,0.008983495614754,0.006480444558569198,-0.010439152642787075,-0.1173878471733695,0.017665587286889252,-0.01666319295412868,0.06106244755920378,-0.03509901636674364,-0.0009351709951347153,0.016086015242527108,-0.003343239085502203,-0.03381477747470139,0.15207778233736907,0.023399433013301208
44,8.75372817400688e-05,0.0033847256055420825,0.11452994223403716,-0.00046312808745797575,-0.014448026026060901,0.008374454290591504,-0.003455792529658763,0.025128318538811423,-0.0009755553610530154,-0.008286498265276054,0.050053538735490025,0.017728743701784143,-0.05929725641348917,0.0004826376490141726,0.0018725235857396604,-0.013481368659292193,0.007005078123390041,-0.019165962591615116,-0.02241105284653717,-0.00045564861541816935
45,0.0029444608008610818,-0.005496539173672899,-0.12648777729557512,-0.003648573974038838,-0.27893595026138207,-0.47125342531330344,0.06975903854687124,-0.1005503577727918,-0.00966035101371281,-0.1550134618531962,-0.03081225678143431,0.03351960818406865,0.19743055510502155,-0.5761799987177604,-0.1792147810439141,-0.47765475178513644,0.003894700716961674,-0.0016585978461089556,0.21412877888341547,0.000410887086591849
46,0.004819040875505465,0.0015294413723571988,0.0054874118582581176,0.002626142090719474,-0.008778899551468822,-0.08352596495284126,0.0002867194724482713,0.002114270266994245,0.001520169858531828,-0.014198033251404184,-0.03604936374152494,-0.01050861700839698,-0.1223596271087801,-0.1101689895984519,0.021541489931005596,-0.12496473607506575,0.0049139885780495,0.059164515463730846,-0.04572115407031925,-0.02205370397105797
47,-0.015229740584539363,-0.03257560620278297,-0.07049184172086756,-0.0675796052685363,-0.019036938330444418,-0.06926036705697924,-0.03296371754939096,-0.10223845952590069,-0.07991246453320484,-0.024936825327593892,0.02455211792991192,-0.0823925649401758,-0.17010142397550015,-0.2932077204947198,0.2268770115217163,-0.4121822968610145,0.07924439077485704,0.15351089871524287,-0.347514462819824,-0.050535799291663144
48,0.01822983439728263,-0.004674096504424319,0.0011474631983236616,-0.004092528757351399,-0.09264976809393095,0.05644305510429708,0.04181059846045778,-0.010025306998120698,-0.019363381658016477,-0.06699761959964987,0.0328896691652409,-0.11158441481889463,0.04556122060532084,-0.01981800780804801,0.022076943461473774,-0.044957891437125766,-0.01668642048618103,-0.0002032770009149365,-0.0014354528562297685,0.04815200418196201
49,-0.5473973118629059,-0.5081600301897125,-0.1453762859163616,-0.37555897145211486,-0.8383430675656325,-1.9844738598973322,-0.49618152243868996,-0.17777337156486447,-0.17149260107061073,-0.5398645247827175,0.029817802422010244,-1.5929218250165769,-0.020316978429089527,-0.03879859427639269,-0.5508159173782452,-0.14027635635215327,-0.6071607198575976,-0.38396207057436477,-0.008265364145228826,-0.0542650826790716
50,0.010165428974761826,0.012554064806946008,-0.004380863553848502,0.007450353038599778,-0.003753634096566949,-0.0064788774571136855,0.00842399197872612,-0.0008079153188142119,0.006594867240576186,-0.0009521782668766799,0.08911343623136733,-0.008779998329659765,0.03822270335112501,-0.016310668585757516,0.020438098269777494,0.004163515558446951,0.017964655014800445,0.06113488086719954,-0.001591166852135073,0.0002013611771406687
51,-0.11103714645760872,-0.15917665939721304,0.001298763510862866,-0.09005371768894617,-0.2736632433684285,0.09982498613347653,0.09607970286538432,-0.03470429766978698,-0.20889671820936298,-0.3491982714531551,-0.04632793463128517,-0.0055674159243233046,-0.023603538144478575,-0.05760388185591765,-0.23897592956467295,-0.02398370716299749,-0.29025190956678654,-0.09468934267361977,-0.18098208817373496,0.04995088328951276
52,0.0018556221403551731,0.03790014331046927,-0.17217706179442943,0.04554557040687568,0.0008612225121661599,-0.03956471325871429,0.05223255147447414,-0.10950813913328557,0.03377797360466732,0.010201435679503223,-0.0036648803349916383,-0.0019012033722985322,0.164793041128478,0.051397809107741964,-0.036880556714607146,0.08626888918194861,0.0027367852225465227,-0.11015678250852305,-0.0546633527704687,-0.14699200937643198
53,-0.009720269678395076,0.0031293866928162163,0.14635679341352398,-0.005157517641832987,0.053036987346981215,0.13066629586204412,-0.02461222953423321,0.11423935849944641,-0.0048932064369993315,0.07593678957244247,0.01023905264330074,0.00437360497587298,-0.10253724004296219,0.003661854615187177,0.013297988167587028,-0.004152473538478363,0.04487604765220676,0.03485783051311471,-0.03703315487642238,0.0026743452817228784
54,-0.008100793818870633,-0.01050253075414782,-0.1284243494036612,-0.008682804211087802,-0.12145765095840208,-0.011413543391315773,-0.057685210690613165,-0.061541650649371116,-0.0017986540830366993,-0.16108134466589047,0.06305879148242077,-0.024766625868257553,0.0004931585257422544,0.0582382152120926,0.013922734912079692,-0.008963152464920432,-2.4798562155381455e-05,-0.020788707096211567,-0.00951692134651061,-0.19000521623568808
55,0.012927641990679861,0.03782097164612612,-0.011078341735964536,0.05687897117686298,-0.0036631389264285994,-0.05420979106473813,0.0001543795849449525,-0.037869617693026526,0.04496396786182164,-0.040075506494689696,0.19023781638911325,-0.03225251644517042,0.0011346811068024155,-0.16407739486983902,-0.10175690000681362,-0.08136574298554747,0.09138879258065377,0.002169047864980089,0.08236673758349196,-0.1337379817321711
56,0.12260633565706111,0.14042754734954815,-0.27704719962209207,0.1228383112817042,-0.020568241569489353,-0.021449182477914254,0.06305565474879389,-0.11024720795412875,0.1264907993942995,-0.0017819071379776119,-0.37076801184694635,-0.3458704412980132,0.029371002055393402,-0.35617702297103193,0.060928883767328704,-0.08793059690040965,0.1138239832601284,-0.21883724275814426,-0.17505180381066077,-0.15249454833455758
57,-0.050566400327080305,-0.04899663790992177,-0.6080687799765153,-0.025523940431631153,-0.4708797037480217,0.24564870012921328,-0.05673296117275761,-0.34140659310626187,0.008040608654330761,-0.38701732167849523,-0.1275973777771499,-0.3083400614407511,0.14314347911763706,-0.14606129395298834,0.03524105259262136,0.02789561514632779,-0.013853411195047238,-0.18987691644778848,0.0666824196230353,-0.9178893416668013
58,-0.004102113876263869,0.00032821193208807384,-0.04762517710097034,-0.0024588224934240176,-0.16609656270448406,-0.06744819138735336,-0.08108228346237249,-0.025016028872341178,0.0007462665311060545,-0.17134866256999393,-0.0013640123351303269,0.2778507084301357,-0.0723420979884705,0.00131421590370433,0.0010957558688059477,0.038525493669582446,0.013784744486262457,-0.12552699956521957,-0.048526906604680974,-0.17688161625174256
59,-0.009748962411405016,-0.010547933015464705,0.028298921961414526,-0.011316119634648758,-0.018806436768228307,-0.06316704142320488,0.004892204003323885,0.020785180801273208,-0.006329182666082645,-0.03704572969842916,0.029707516888129136,0.00020174208102887725,0.026204930371684965,0.24711769030300626,0.003960446873523061,-0.0014774277075570775,-0.012139152053988855,0.008185146741739025,-0.001778731537006295,-0.00042260995345508865
60,-0.0041293847682235315,-0.00182359794072946,0.004624379557718794,-0.0031329778139101315,-0.004165901188737042,-0.00299583662869255,-0.011500173906924437,0.004771089600087919,-0.0001082219458188094,0.003947629274804454,-0.02396597297196553,-0.0008010702741110709,-0.0023553806946328025,0.023140945422934135,-0.00012899472400345057,0.05087573224433047,-0.0018970369690415989,0.013219379600090841,0.020128755474508365,0.014458591335913474
61,0.005493105412840382,0.01360430406646338,-0.0886110927231544,0.004077724158550966,-0.01187508062113798,0.03399675074485971,0.013056430416407628,-0.0357299024003566,0.0033700474835622884,-0.005887472636154323,0.030775732371696618,-0.08821227229147399,0.15100015979460749,-0.07458467702046909,0.020821320729219873,-0.17669515207400938,-0.012183003558186911,0.10835970663114747,0.008926373521867249,-0.07138956170783425
62,0.012766911560710303,-0.011855581862865616,-0.11890347908754373,-0.006533943497779226,-0.14967364253044105,0.04974289913874304,0.020425344420701142,-0.02080553801931837,-0.016803326910977433,-0.1346477934619504,0.03651737156203307,0.06290761526163616,0.10609362826122884,0.001020854883486777,0.017442939814142844,0.007186313690086332,-0.03607208033872471,-0.013230141134570461,-0.0005473108869799681,0.28763525504096704
63,-0.6948783871121699,-0.5088575972433194,0.13932124074266233,-0.2760625835960987,-0.011039981970396174,-0.8273905110196751,0.3734925978196972,0.08211964606472284,-0.35722697020387806,-0.10589074352271224,-0.3255855593411557,-0.1544618249114163,0.028972918183803563,0.07793059392393946,-1.778151534724816,0.09857673266437113,-1.148976327735286,-0.341681427310115,-0.04168062754719175,-0.01668694697182822
64,-0.4408628751980087,-0.4205752151763022,-0.02197571445399742,-0.5396851866766683,-0.034664513513976127,-0.106672467244098,-1.0350019870448972,-0.2854521704480419,-0.4547190701597403,0.01494437244764999,0.14526951705896174,0.005175640351609978,-0.6892060761971042,-0.03333141644845572,1.021036915596195,-0.5134517506001075,-0.15388146503633102,0.0004994149514562452,1.1734662119186843,0.7081531249000955
65,-0.001778832234742156,0.005525729211647801,0.01651164795937663,-1.581132287262754e-05,0.008679209595848936,-0.022368233016450967,-0.07609021102248839,0.012178820891824427,-0.0036918543679803186,0.0032385717099818966,-5.322222184662717e-05,0.03837357432163657,-0.0009704160005193474,-0.061907056764379284,0.01855113830121278,-0.08906526904870335,0.004373489709184874,-0.021384076752009974,-0.049830835797808316,0.0016727815750460008
66,0.0013480240719348836,-0.005620378062240939,-0.09530821172512793,0.005306067134022241,-0.006749129622802319,0.029301428727792556,0.040626369490232996,-0.06797556802958786,0.005384700136398824,-0.014962674439379509,-0.026404073295650775,-0.00900578634491398,-0.14250273684659642,0.027341753038258698,0.007660917081671448,-0.07175288948375542,0.0022215399318664454,-0.05103614237733185,-0.01835093341102769,-0.03548480477325895
67,0.00022907236938527476,0.0016915152878792528,-0.009885608001555423,0.0006054807951892283,-0.05125075060072346,-0.0049463965488991905,-0.0038053581321028764,-0.00433130298693718,4.203693636810613e-05,-0.04880598692545439,0.011952783022097613,0.001527327509139953,-0.0003977694931088793,0.002709450345255693,-0.008433847770534731,-0.0005240418891170106,-0.0010545659295419618,-0.009094366625580918,0.0025034673382257734,-0.0017711720134168773
68,0.007312985011803397,0.0052410770081241734,0.012329642563355826,0.004764615472194778,0.006590734807144905,-0.00012816868414938787,0.017092578130611203,0.016106041603169585,0.0028941473142587992,0.0019836026951168375,0.02165625093739456,0.027342997440175154,0.07453373551163618,0.0016701228019237013,-0.00046406016269494587,0.030689873289338088,-0.0029066792747995617,0.006680615802666934,0.07845473167414119,0.0025391420876619162
69,-0.18379375215285662,0.5662706036995238,0.44304906948557204,0.5148153982277661,-0.15755392716777755,-0.994013629015799,-0.20095050211458626,0.6369568275246326,0.44225718277498355,0.06981255347427551,-0.09593576957799951,2.175612269540253,-0.044644504851797516,0.2721964012092511,-0.9914487048229,0.4186828992323145,0.6072259927485103,-0.7286347724315851,-0.4667180999672936,0.19830749092216865
70,-0.005298040793354208,-0.01764018463150572,-0.007404818234014665,-0.05753005942168195,0.004608042849234151,0.030786157373450827,-0.02561356741996377,-0.021927768833897486,-0.04315260909887293,0.02314085182675074,0.012002583543501389,0.1841707831669272,-0.03519750418318237,0.014694941056174882,0.10836104869995833,0.021441242463696542,-0.04647931843223443,0.14695951193391849,-0.01227043893666655,0.004048135959142374
71,-0.12183401641262112,-0.21390908727705665,0.01412536366460757,-0.1735159558309481,-0.18368215573113172,0.05253628205942964,0.08479133274293837,0.04758646358835472,-0.23899463773875557,-0.22961632697195244,-0.14540452754638006,-0.020665833773462962,-0.007206474133356666,-0.001501917395553054,-0.16589563086308323,0.002691879574799394,-0.38306434623391594,-0.12762749720777938,-0.08997444846867815,-0.005193984198338298
72,0.0009241427701437655,0.0005497197791298869,0.010043126910982147,0.0005054682909605756,0.01370759488188088,-0.0019201615754577239,0.0014829636427346582,0.005642718469677432,-0.0015028169889162001,0.021667943169703118,0.013227900558793693,-0.018669184218610337,0.007379388833344103,0.04476854496896972,0.004065879295790731,0.005033001339003362,-0.00013547177876772621,0.10257743038449985,-0.001029500340230849,-0.0010901165038826877
73,-0.01804113670624834,-0.01952395657308752,-0.0016928672542430912,-0.02077095321972311,-0.036521343150686024,0.00225628045525923,0.008024028369695823,0.018250335757562852,-0.034925716268135606,-0.05902936399440066,0.0065856610504201555,0.0010621883174717795,-0.08291953252913786,-0.028301047859752737,-0.1021746007282716,-0.05627306745143601,-0.09906132098229939,0.027031603780915847,-0.003181840976095951,-0.01214097261873046
74,0.040224910369957324,0.05845951627790771,-1.234322740283386,0.043779230535908334,-0.3763814848533045,0.057648348687140236,-0.15224168362508328,-0.4504405288653935,0.044256316248622474,-0.2872039407708197,-0.1848178993080511,-0.03524019255550841,-0.0704145159029633,-0.514096865735992,0.09087838380810047,-0.40884925282268225,0.026527154945638155,0.9519914031660914,0.04829043766771139,-0.6245288801473967
75,-0.17079348439059044,-0.09309883582352166,-0.08884861069665913,-0.17196447550188,0.011348235085268077,-0.2065858443667214,-0.12490856155745791,-0.14314357930744642,-0.13194309821373384,0.016483712135644125,0.08607903955225968,0.050642826394986074,0.07777016837603457,0.10938286634122996,-0.2739032968559999,0.024049200076253153,-0.17490303258459497,0.06930240975208549,-0.015607938304449776,0.10518053879905429
76,0.07372720113544604,0.06042148058813819,-0.3184144703138613,0.07251082884770428,-0.04472199178899179,-0.06884565158399783,0.3424164576359212,0.0073837005169533395,0.05290948217426354,-0.022445334303825514,-0.224709195592451,0.012379706874260644,-0.09886683370792584,-0.24107718895975688,0.02303013084713661,-0.07406964691993316,0.005958703810622667,-0.3647687151202201,-0.543574947194987,-0.7726696802711364
77,0.0005664352027529906,0.0024838226649442465,-0.03936987679106589,0.0003561171882109582,0.0074114419876954996,-0.028793185777377394,-0.002380204525464391,-0.015477831598208813,0.0008286418016674402,0.005607328978036641,0.01482708802882795,0.0032413389882612886,0.020476369732611955,-0.03459841843488889,-0.001981222243336589,8.518063656406393e-05,0.0003217291391654165,-0.03277149170757452,0.043299850570973096,-0.0356858096891
78,-0.0006604939353285876,0.009431415813072209,-0.04615308121668012,-0.052822890699895056,-0.08398316347014885,-0.0038461639402518786,-0.02561369519496386,0.006681482791532934,-0.0737907902580158,-0.07958932325260164,-0.003279136597868204,-0.07192151115050878,0.0040878871027466126,-0.00020784099784005862,0.16322745459051932,-0.03953884256646236,-0.01835240149465749,-0.03768498919431311,0.08352197566320159,-0.09256236128125153
79,-0.0023859205352343205,-0.0036107651803239937,-0.11673922483026655,-0.0032448162167632464,-0.03625530749360315,0.0012358779901627593,0.002640147513692237,-0.03624920379333798,-0.0054764228886751585,-0.04532673823857698,-0.0004251270652666728,0.02037548795749635,-0.050833309037714616,-0.0280330864336787,-0.008153577624727282,0.002452906883156003,-0.007125615923818196,0.04172816624378235,-0.00580694186968409,-0.008018926132130599
80,0.18084524891435105,0.2901536073034349,-1.2335176218180623,0.3122101373566554,-0.4985359557069339,-0.3410639380948022,-0.3684328752808106,-0.1817108236499611,0.2680297734744494,-0.2542798746163097,-0.1497544722374541,-0.11800250593427242,-0.4437350080068237,-0.8222499394942249,-0.16182812345378134,0.3955200591736154,0.18253265802445373,0.9815639510868479,-0.13140870290355036,-0.8925690081541274
81,-0.11063940760887432,-0.050562040484501546,-0.014747904497091424,-0.12150320941076573,-0.1508424407902461,0.021995428964187956,-0.020434855262018936,-0.0021709328254650552,-0.15653646848723363,-0.167122067580372,0.043113875276342514,0.017678240180723104,-0.01944364975862343,-0.003623526202205918,-0.13494739657707772,-0.004571303285137174,-0.1476899977426788,0.023822825178299967,-0.011279504599059843,-0.07796441826018959
82,0.014527481840721035,0.02906379574010969,0.042481469999911356,0.008988993568499516,-0.03536273280438664,0.019623341279432993,0.0027439448759821296,0.01681736094836663,0.009523819355113438,-0.011550630214355762,0.06597853397486472,-0.07198907123092466,-0.004516496532596825,-0.0019470324276432472,-0.029576422559035986,-0.0013684448467118139,0.06625273361573178,0.013707040786032798,0.04694659771619074,-0.002417546378530688
83,0.008178301508851082,0.00418006558448294,-0.013637676370149565,0.011423217108790507,0.00695300100866747,0.03357244783301905,0.029831126317165203,-0.00762096991982959,0.011541052064029578,0.0007235850933918986,0.15096993935251157,-0.016835495414305048,-0.028917244631918526,-0.15182003502198746,0.007358490588647104,-0.12943476095667705,0.006468667808500616,0.018004358516013386,0.029059805504724402,0.00865292613991111
84,-0.07266196034340644,-0.06393592872488459,0.019241918861639194,-0.14489915865763042,-0.2642260599387504,-0.02479829520832677,-0.05997477489816738,-0.038246979806504336,-0.1803025712912037,-0.20166186478494827,-0.012102265009250202,-0.07135620074886803,-0.009006066629339626,-0.009042176965257998,-0.031764644488657276,-0.06437869144670713,-0.14431028724853712,-0.015217358137920689,0.00813439531841258,-0.06477849285883175
85,-0.0027617920134251016,-0.0036710114002487916,-0.03330593496034251,-0.001557221443841561,-0.0018681289031636573,-0.02389495948020841,0.00837411087028428,-0.031776136202236495,-0.0021532299159230384,-0.006960015469327474,-0.02553587008456857,0.01758806562276316,-0.002546163758781206,-0.066311764574803,-0.0021800026069817902,-0.015918813187217662,-0.0008390022292872112,-0.00039761960868274216,-0.021528802625799214,-0.007193705048293175
86,0.0071434972221813275,0.006454225184547369,0.06885490287416815,0.011549782588656621,-0.26503451089464647,-0.2059666116120887,0.00015664914433388688,0.04401394634336353,-0.00262082191512496,-0.22796040236414394,0.006638444067034577,-0.11567008179927221,-0.11960032374858151,-0.09353724050787586,0.06054238297177563,-0.14819494325539387,0.08994689436339395,-0.009164774030918999,-0.23580916231644658,0.004650588953054635
87,-0.012729564468956279,-0.028958842621388748,-0.14732158374887133,-0.004981176156629186,-0.0066012699057639065,0.06951673345425435,-0.028464853808936087,-0.1119825934612551,9.714704276779784e-05,0.013402678527631861,-0.23331664395942503,-0.2446536478542894,-0.08786829451741607,-0.14015373913343546,0.07723659663478592,-0.03594290567399665,0.030104521589413392,-0.3755510870907773,-0.4063540958394681,-0.12117957374031567
88,-0.019148096221160583,-0.018793754619264913,-0.27735323794041705,-0.00806104723137815,-0.15578098214155373,-0.07555548980452201,-0.1447703504630069,-0.21521862699615557,0.006533581336567051,-0.17311664647018504,0.0058850973772270445,-0.061747293244004964,0.10605590539007634,-0.019500290408140764,0.04062691834442833,0.02465509173762994,0.005835521169267022,-0.0021073422169030744,-0.11666443241671201,-0.07137952741084899
89,-0.018956376546485555,-0.015427277032551012,0.053472103322660905,-0.020626375425568767,0.00930118047256565,0.003789060157960733,0.0030060257008623246,0.03954499348567908,-0.016467684221284206,0.03361219633963245,0.03836994265367507,0.010908038850336088,-0.011059059534421845,0.039857650206190996,0.009431737208309398,0.003321042448996292,-0.023788418985838788,-0.00452309762183265,0.04588296986286385,0.32009933330527884
90,0.02578759486086184,0.0459082000637943,0.001756337481247394,0.007487756859464301,0.06442874966835807,0.011090066940274057,0.07734772612007793,-0.043582129011873416,-0.0337280101373985,0.08084292312995245,-0.09554606865228552,0.003540112316473576,0.13506564438934715,-0.12338501348120616,-0.1156520939694596,0.007109488237737627,-0.044926711003391254,-0.05421913155961629,-0.031116914514565264,-0.024070247586703862
91,-0.00995936571834477,-0.009254867972367364,0.008723155483193046,-0.01200281216611283,0.04833575879402181,0.006706530945686784,-0.009279062579112618,0.0033057485521666764,-0.0116644098080809,0.05252586752317727,-0.005322401624212691,-0.033746651469951504,-0.004099805837807158,-0.007846372308413008,-0.002906307274734443,-0.0007317176428693229,-0.0006133038234379384,0.012871957780807231,0.023718123860138118,0.012904051149551865
92,0.004760754905519615,0.013948890490104171,0.0005944554327679708,0.03087725334197087,-0.15425310680412946,-0.3747079555802442,0.1239227495566241,0.0038108790528972314,0.028729483278530886,-0.07136038533154494,-0.11897914618274456,-0.16429507734104548,0.026115054861136057,-0.06558691684075584,-0.2153262357701163,-0.12900154675976208,-0.006610431221253643,-0.01317182005495705,0.006905352440709445,0.017508536546880116
93,0.02338918001269996,0.020836668970242035,0.045403550410583304,0.0254198200579135,-0.002915540879837275,0.017123409937995125,0.02472062009031082,-0.0006991199002417848,0.018826251957258955,0.013818371132513852,0.0020522942680333057,-0.11595531248110358,-0.04701240644028184,-0.00889845051236382,-0.028926550932410942,-0.08384817231791868,0.016362767668749067,-0.03836389261916784,0.020927527569599525,0.015424042508766722
94,0.0009783449014695521,-0.0003184763367767296,-0.0034817423076440646,0.0005014842768294337,0.011002701586523389,-0.010953816541639605,0.010258834151732987,-0.0004359339908558635,-0.00013978204053985977,0.004636404785492365,0.04371823378220345,0.0019004168283301315,-0.04109764752079768,-0.025020631954540917,0.01594315983165546,-0.028399568627326666,-0.004725268260824045,0.009212481724371812,-0.031053676020714384,0.0007859046020919136
95,-0.009445144737273491,-0.010158283870206165,-0.0003173968154516871,-0.010361926576219949,-0.012314919090579312,0.003888871985735931,-0.0011276967510007064,-0.012310300465459844,-0.012069566940621312,-0.012613122539680943,0.00011923676146143868,0.009538742739665752,0.021238209745129355,-0.004236205114585423,-0.003935525343179957,0.0006328462631763676,-0.010273881644866667,-0.008153097447711265,0.000785844068876429,0.03910629979734985
96,-0.07254467625989672,0.06625995970084123,1.594596112057276,-0.04377153202746833,-0.08470715515581806,-0.09147961932155882,-0.31075826910100224,0.5030906959663293,-0.02589897287907448,-0.09104159083564692,-0.07140911063539308,0.012105665446531466,0.03506537859303136,-0.054618593969742626,0.21374734816235863,0.1899016541393025,0.10656857605000611,0.22159718637300715,0.016895023146885246,0.06665702018863502
97,0.05484588158667072,0.007519996640298387,-1.24686312737532,0.022782560077647986,-0.06121246942914569,0.05117264387881768,0.17280028098959582,-0.5550488027763724,0.003534547304873792,-0.07631173329804856,-0.1250836055816397,-0.05798873772073439,0.008571451340359993,-0.2886903890560619,0.035536345391116164,-0.3731508129364301,-0.10456961855283224,0.04406997200930394,0.026511367306384502,-0.7018423294993488
98,0.05715651521300837,0.015045417805076022,-0.02811195110185607,0.05041198594624645,0.026526681473334035,-0.038097348378609744,0.2349535452857341,0.015011921391230842,0.04091537135926417,0.030452241563354042,-0.014639075453865091,-0.05593277180045271,-0.2085562731868385,-0.024161145491413683,0.023193218171965003,0.04201126304617504,-0.015937146146076088,0.02639281065987902,-0.1475979822734593,-0.14783783950052592
99,-0.23665188242113816,-0.063258331640163,-0.015398235464021059,-0.24740980688674502,-0.10969691984077676,-0.2146050706060842,-0.30721265567122524,-0.10074437261910299,-0.33921644519285044,-0.17286804633810732,0.16176022195009893,0.0510730033054533,-0.038266904416315486,-0.0632398134637862,-0.22622753767827541,-0.031804339358553736,-0.10857913081731843,-0.007500438917098018,-0.0038181539166818102,0.023844103981408838
100,0.0014922114735467008,-0.0001513543002131912,0.009675124882766006,-0.0002741559700264129,-0.035983409455016345,-0.03561676938244814,-0.0029331680026958183,0.0006990722668192006,0.0019226612574569923,-0.02918823177615689,0.10081274339362409,0.039469643884340974,0.05721708022054629,-0.026210191645219504,0.004440334636100418,0.006736477749936132,0.0019070319459245754,0.02723661175227421,-0.04685980086485956,0.008822039857335196
