Split,Molecular Weight (MW),CharVol (characteristic volume),Flexibility (number of rotatable bonds / number of bonds),Number of Heavy Atoms (HA),RingAtoms,Halogens,HeteroAtoms,RotBonds (NRotB),AllBonds,RingCount,NumStereo,Fraction of sp3 Carbon Atoms (FSP3),Hydrogen Bond Donors (HBD),Hydrogen Bond Acceptors (HBA),cLogD^7.4,Topological polar surface area (TPSA),Total non-polar surface area (TNSA)
1,0.036856194805136314,0.03599008355261819,0.010772310605444136,0.04434194202544739,-0.13798088599988034,0.003926221657551276,-0.02493637735650973,-0.08060118405938403,0.0457546640062104,-0.13520312589297045,0.0354120044973697,0.023309005710143584,-0.046394007338308604,0.050755741990731615,0.0675295685487413,-0.07967299728615715,0.025794188626990854
2,-0.029880989947036796,-0.03326333016244154,0.2221491980336041,-0.026688126418863378,0.08376414942245347,-0.005196981335722883,-0.013488646816870519,0.02007381373106427,-0.022163253052281763,0.07441071822497916,-0.01774537058835427,-0.07203119144427472,0.0040901480757084,0.0837572217815173,0.021617805149658498,0.030793308748130067,-0.017129890304731464
3,-0.042475955076610325,-0.0342403117077531,0.07184137452344848,-0.022981333943564008,-0.04101433610735226,-0.08233691332032782,-0.05138102304261314,-0.021824047981200457,-0.014161756772569123,-0.017302630968195575,-0.03491503804302283,-0.13089248143341764,-0.00017321621392440978,0.047476555096535165,0.0009504559100553367,0.03674392563302338,0.00015397565724262208
4,-0.12874167888546445,-0.1645480866763604,0.2797364936472809,-0.10142942200125957,0.03823858142903456,-0.038135238955635864,-0.0318705712821313,0.2835632767092456,-0.13519110527346212,0.005107964270672738,0.035707583122061126,-0.3732998935081083,-0.037347404699780984,0.12336156061233412,-0.09930832865566269,0.01798213880427978,-0.14441390333094972
5,0.050710595749338075,0.06157812325879597,0.042293631138708807,0.06836829964755693,0.14327712935319908,0.0010969059146238801,-0.011689144042957445,-0.06989867863204627,0.10758170006378669,0.21142540049666803,-0.20232954931527547,-0.22991345634522387,-0.017382465136507496,-0.07499531680216905,0.32931874084817486,-0.012012553085753951,0.14304776607712055
6,0.024831288697165155,0.025190050544726762,0.00763050197844739,0.02770605302390512,0.08065206693320932,0.012810710636458954,-0.02654868320428234,-0.0328925905319347,0.0397063446918956,0.10995730637836906,0.04415915603758038,-0.057736625914266884,-0.1476312516137931,-0.05807588724649547,0.1595756800686781,-0.07863912919282402,0.06289556371715457
7,-0.013734109821978268,-0.01563720734321846,0.15611135780251442,-0.011773053142514155,0.06254196550802785,-0.0004202272354679182,-0.0022234718434408275,0.0431567080856494,-0.009355454035504186,0.05427293686333066,-0.0003449328733730828,-0.015965027149411327,0.009386356550405272,0.039663019141517875,0.018990932888115798,0.011395791852078053,-0.0023084117485972612
8,0.008418423857559509,0.0034576200942082135,0.13301475668677357,0.013970338191136966,-0.04256264000396862,0.029792589288529226,0.0004270788481080867,0.0301459620046692,0.022826635390297934,-0.03030640698234006,0.015462110441826892,-0.0600455410553619,0.0046597849318640635,0.005339649704283389,0.2211221955847092,0.002946946541697637,0.06668696669175926
9,-0.00388281931461687,-0.0023315967255818416,0.05986517230863584,-0.0032974734408623306,0.09338906448336541,0.013209519727298624,0.006459281633680325,0.025557296560959987,-0.0025504944099165707,0.09006231358139767,0.004860314233470509,-0.015243208069239223,-0.011501249405026958,0.00835871299218618,0.023430213259442077,0.00921810042195258,0.014536039525916722
10,0.024137413699658838,0.02075140335558241,0.5260012121269633,0.025592719878951807,0.004619347712235489,0.041805797951285285,0.005046441133674607,0.0239822346650549,0.027517907384504537,0.0216229063124469,-0.010422464639881779,-0.05560651398550518,7.524014894620956e-05,0.0446999870484995,0.15922131488921062,-0.0013637026549580989,0.03876090209758391
11,-0.053424397456404614,-0.043279495062736276,-0.11811354232152142,-0.06271490041096223,-0.28721995257306365,0.010826691790929566,0.008378604476915585,0.01915161652120939,-0.10848566598386815,-0.31203164932662797,0.0010038845206962854,-0.005191630917629464,-0.03895250968251755,-0.02242997909105431,-0.052905653069859296,-0.014992166019610554,-0.16570428440626334
12,-0.00022872132920526145,0.009278677571901017,-0.0783878463591637,0.013500301713589336,-0.314783879951767,-0.38485338501880106,-0.303128056700275,-0.04482912659473539,0.029520492965210355,-0.32612320276069984,-0.02273418187836047,-0.0064221128778679136,-0.03240051270318371,0.027187478838676914,0.15543405115259532,-0.008681908455501607,0.05358555716246005
13,-0.023419736542776348,-0.01998108283008454,0.0014745393947093622,-0.04422501636792655,-0.15101032447664126,0.008817033024670518,0.008833900771160464,0.05764135503680715,-0.07218870989451928,-0.1409900979482902,0.0015183281926124947,-0.01054197575087883,-0.031072678902234075,0.006598032795475095,0.030596371503122898,0.008896784641541589,-0.08911732810138392
14,-0.09333990634793184,-0.11272027964168681,-0.010382951872723556,-0.09005159096291444,-0.5687293292040148,-0.008099997101120105,-0.01554270001946314,0.18365124812104744,-0.18052954458293324,-0.7003728127679348,-0.20223971299985868,0.01172335127671591,-0.06326018170551935,0.01867745860405008,-0.3681307875395855,-0.01798542971493724,-0.43088781961748934
15,-0.04357157876170046,-0.05165981553266803,0.22627547888822122,-0.027988114967249643,0.05621741728722416,0.0035409838929262084,0.00011113610337016855,0.005681350400069252,-0.027213666454895136,0.04178792255003176,-0.07738627384092592,-0.21245730189668502,-0.004329152704034223,0.13508873155017093,-0.01939451939263188,0.014912387489961576,-0.042880708106984924
16,-0.15771906000645514,-0.13744331431153572,-0.07586444623923491,-0.22709189601865107,-0.22845846383266447,-0.04578153361898087,0.00044091363975349294,0.15530968935152462,-0.28546720208417725,-0.24750966919079725,0.0033375810865125645,-0.014596285261274766,0.16655084928752278,0.05404635541194549,-0.26187918214285827,0.015302868877086585,-0.327794744839104
17,0.04238508095278217,0.046426945626920846,-0.018789701414365957,0.0475683868018673,-0.04870762815991646,-0.020269585421791535,-0.031191855191427087,-0.04036829830023745,0.06162361018889018,-0.004397427960926991,-0.016372229072026356,-0.11420176257483199,-0.005374644452384359,0.0398877743618334,0.23440083833358855,0.021845226785569837,0.10398444761897108
18,0.00019954158573701753,-0.0035965995621166313,0.1145958622315211,-0.0008410224873797278,0.04220619103042246,-0.0072447828145487895,0.0034427926454690173,0.028426513201482317,-0.0005653891078447937,0.04393299361277274,-0.0013504829967259213,-0.020756545690468052,0.0039601465552493555,0.05042571794256965,0.05373998049446556,0.027112401536537045,0.009172869337187861
19,0.0027272718761823687,0.002789039819102124,0.10210562055607789,0.0034777224160788545,0.08838448199163348,0.007982263327560246,0.0018093569354985628,0.04665132572891898,0.009185838105937339,0.07246339662580174,0.0034606735016239564,-0.023147905002354842,-0.0009675835140642963,0.03595247677815355,0.030090145381601374,0.02141139009516597,0.050312817544345655
20,0.09577392077643251,0.0851343708498568,-0.2268825294343042,0.12462529445348958,0.06765586426782325,-0.008997356041797433,-0.053458108516584724,-0.2360619201277654,0.15542446325678774,0.10705767594846778,0.06545390963831894,-0.054190254821483895,-0.5469328281417782,-0.4238105235975998,0.14790799547936412,-0.38691413064068214,0.1022594769921101
21,0.0567016437337748,0.03832208833956665,0.0010439957114459554,0.06637521178891781,0.05120155422163939,0.06874538720959164,-0.0003403638202716497,-0.12708848314155624,0.09521282560434563,0.15302110563470084,-0.30416956441749654,-0.3931303289629071,0.004457346936057416,-0.035119037246221695,0.4165588720028094,0.004376168860025809,0.11936526100740422
22,-0.0389646701508804,-0.053819523642478675,0.07983250572168678,-0.011194181362533551,0.036564085043522855,-0.005223806705847378,0.037564009773017916,0.07238187336669674,-0.023694211012877643,0.06040403412822941,-0.03453985119143325,-0.2044489988327177,-0.0035220361326291916,0.06400865559234781,-0.0163949946669363,0.007318921103749487,0.011130925922537383
23,0.006501712257483449,0.007471834899566643,0.12965392741710238,0.006740489333124022,0.021428718774310886,-0.010275894445923538,-0.015051172175090244,0.038373879400619294,0.011711155144215956,0.011262318436654262,-0.003503146924545941,-0.10956532108657609,-0.006056589297724446,0.02697019586947482,0.01529036597029627,0.0031398988275995743,0.025069289837784125
24,-0.014123308051541595,-0.018001047715615913,0.3482917624691747,-0.008742215144952858,0.03490136863175478,0.008597147476056189,0.004714712534993737,0.024899141134584347,0.000643082607394363,0.052315370671941586,0.006691930239908261,-0.09028437935461789,0.008197721697627081,0.1440479465578734,0.003175366499432153,0.024791627628103486,-0.008451564561850278
25,-0.017136312930793318,-0.026919147908108378,0.592764385647547,-0.01075535447380076,0.06604847235105708,0.007522626308407632,0.003956508989391472,0.07480334170198147,-0.006862859382806485,0.06109813149160557,0.0010221443976577648,-0.18493564282459998,0.04842272506738915,0.13299374679969495,0.008321262297636212,-0.006460436429569005,-0.023247179334404733
26,0.037096591166987346,0.03252481030503451,0.003131710730951265,0.0381928807519553,-0.11277496376376886,0.09678480967101591,-0.031211349767701135,-0.034791069289201094,0.04397071613987251,-0.086016348591462,0.02602331757570008,-0.13005614807439114,0.018402106138198294,0.09009328814783527,0.1391653005028739,0.050616212639048266,0.073918302643218
27,0.002020852402543083,-0.005493200072112158,0.009647444704510354,0.0014327727735220508,-0.28248442907993193,-0.49251007452780665,-0.10515176824601942,0.027067836833452152,-0.0029109803882858775,-0.2883154301076311,-0.02596815045712373,-0.03444664274357354,0.00039990069166901955,0.030586374462888276,0.12116900999879932,0.010395390028498652,0.03674725786033164
28,0.015040332080379004,0.013237871340607176,0.10090064064093025,0.003992471390987751,0.06268432998447074,0.00025735142474681005,0.030859957877950105,0.024350146209298994,0.00995042517459831,0.053551303330934975,-0.002308140894318522,-0.09718542745292921,-0.0026110583743811145,0.019871678368460256,0.04651397460909518,0.008454536267551637,0.04458452103341857
29,-0.04725203836029999,-0.03625697350697712,0.2410301132020547,-0.03417377532705581,0.07414193109739872,-0.10359728736144751,-0.004125329958742485,0.1618836950694546,-0.033328978523059584,0.07149376265453329,-0.026119641139668116,-0.18183469918179251,-0.00765193377082527,0.017363905624652464,-0.044631894917967416,-0.029138636957483543,-0.05632645329094803
30,-0.025740972653945905,-0.027477860750308326,0.11025200295417448,-0.02500042310325783,0.047119869743122156,-0.028596550887218075,-0.0025982600690141688,0.06287867499535743,-0.01936572257871223,0.03923856959249918,-0.000456338326064909,-0.09089914278035456,-0.003193764806427124,0.06469089494347877,0.0006980775835764396,0.009915944041777614,0.04419615056421019
31,0.0030155081182692946,0.003197313112774225,-0.019463672839184487,0.015259817781193874,-0.14402818565998715,-0.2555317688616582,-0.07059515379972645,-0.03155534853692223,0.0411009290568793,-0.10305567285288945,0.04491616369296762,-0.03152054190249494,0.025910605972605683,0.005064925882926574,0.14246589835469864,0.01816880392594844,0.12090981932927114
32,-0.06699278771051491,-0.09004107217386133,0.6664069031126114,-0.049020666322770134,0.005716050306906339,-0.003274267978464307,0.008857581903236312,0.20092489783811046,-0.03566427885764267,0.0011507666492819757,0.0019671778659702487,-0.3519839265894032,-0.060731063993399045,0.12952783707547275,-0.002514054315077452,0.06223929986832246,0.0007885265584020917
33,0.0007991500116153683,0.000734737639926708,0.08833567385873356,0.0027461258911383513,0.05127693061932882,-0.020504982336748145,-0.009895672436392411,0.040295284943582275,0.009753281155800297,0.05904594134914717,-0.0008617523687437734,-0.03715272470758656,0.0014579323164866764,0.01994578340484975,0.024252725243453177,0.013972573836632063,0.058422734423491794
34,-0.089859180440316,-0.11470106887119225,0.2731377860146543,-0.07396375486647233,0.10267169800683387,-0.032230647337553354,0.03367684230175445,0.2231797996148507,-0.07699072412309646,0.1119210130722171,-0.011520662487896483,-0.2586660130102451,-0.026872848981084996,0.1039547019956979,-0.07496766631087766,0.04129105204517216,-0.076006508592489
35,-0.009435753261122403,-0.0060903277609817615,0.25028876852832216,-0.0016880168103065585,0.0728377426613918,-0.048324094145391606,-0.021221698459435757,0.003149886140962943,0.005201662492002368,0.0680015871774718,0.0067749868777180035,-0.03303782034438024,-0.026551052034943734,0.029952148228486998,0.003647552537113119,-0.0007516944222504595,0.0011880533755669665
36,-0.010037493039514345,-0.00917289436875306,0.44490459746573413,-0.008509671528513918,0.046811846746077676,-0.015309560804061772,-0.00836433040485598,0.17582083239868157,-0.0045645757241633556,0.040711404935597086,-0.011209135764599388,-0.04051092071715071,0.061880611205338,0.034245517045018894,9.131249608386182e-05,0.011119536278085929,0.004069443789807603
37,-0.005674933589016618,-0.006500047810012066,0.12117714091042542,-0.001854651274175012,0.10858388529408707,-0.001929284996601177,0.007908456141271392,0.028053234434884555,0.0026669883896846547,0.10422764349199717,-0.0032592850202229464,-0.06512393118695717,-0.035172979456689867,0.026451267656142106,0.06463432749641546,-0.0002679966797989652,0.0063587197493918165
38,-0.008250699773370318,-0.01384397869006282,-0.0035005879387193907,-0.012888534575318467,-0.13343673432478048,0.009854587069989162,-0.0067351874428709605,0.03830861433002723,-0.01715494967119191,-0.1080286215146113,0.03144063771339591,-0.03746889079233704,0.010469399799744549,-0.00018164133959308604,0.05481905546329498,0.061861828473373515,0.06011843652495978
39,-0.06749805216682894,-0.06264887577363962,0.02038812746295333,-0.0779373427989559,-0.1236344017541086,-0.04027621578928875,0.03938164455506212,0.10335334413324013,-0.10898379333679695,-0.15830487122167605,0.020945679354315506,0.004729911760265826,-0.16865230735577494,-0.10944024676386177,-0.2163033108415025,-0.14381344859760242,-0.2411501690706431
40,-0.04244980985390199,-0.03467862152339533,0.30483281218428254,-0.03212395889947258,0.03228064038510782,-0.04885490756026435,-0.058941951925854386,0.0585470617862008,-0.030196939707561144,0.028813063542649,0.0014692239442498423,-0.09437310885441731,-0.01722976579737424,0.07056030060811362,-0.011031091485599654,0.06096982973148152,-0.01954194449861727
41,-0.0018732855781261604,-0.00652789304919209,-0.018081583340283702,0.00035682186113182856,-0.05325570785734722,0.1095704370125564,-0.05278557930859236,-0.01807442024671998,0.02420587548217379,0.00856029897743249,0.015604864869821367,-0.025855184063784353,-0.06653530985034384,-0.012351533192217112,0.1516658788910728,-0.024391897179987486,0.11192430054159627
42,0.007839939227467018,0.004100259244671056,0.05069780487770904,0.009462425261975205,0.0607459077555619,-0.004592529480521001,-0.0006509964075282149,0.015029967591836502,0.01880124598729376,0.06185292014492936,-0.0002475410859288707,-0.007093709170966478,-0.0072548346207722105,0.010915086637270689,0.028850205382476114,0.01219412124660928,0.06810871883024004
43,0.05579060670293382,0.058917789492261494,-0.029703555421714066,0.06558531327230092,0.10975928664106109,-0.0028075887487922003,-0.09299192209234278,-0.07038749674856636,0.08353296845193672,0.15211504202213644,-0.012216534185097317,-0.06928441794909616,-0.013524235683450615,0.008020203471680521,0.11065144133734402,-0.02831652701504219,0.09086581176316835
44,-0.01052312696517852,-0.006671063329404337,0.15059129535964474,-0.009500826526000428,0.043266189867199656,-0.01536683484990583,-0.020803804328438258,-0.004655265154808697,-0.004337969815770337,0.0557269829610865,0.005087110143626084,-0.012403104299223955,0.0023299106959764116,0.05044479197519329,0.06234039167743939,0.03709495979706381,0.008585725435751267
45,-0.0007814130356983307,-0.0032669530351061016,0.10562910588966834,0.004432699884956726,0.09374845380003728,-0.0002029920849732858,0.008730127402990862,0.023132149685729787,0.00964920928276305,0.09606748171399832,-0.0019379933146568828,-0.06945497507122697,-0.009177962183994947,0.06900846640916378,0.007823872763909579,0.007625765526081696,0.005211945053026268
46,0.06666962005953225,0.06581080197331957,-0.14731655574427388,0.08693179199144511,-0.32699771607365774,-0.17718627812915694,-0.17261374142082972,-0.1660566469587479,0.0971349745135203,-0.27031742121968605,0.020823335093962503,-0.16700717614349977,0.008429706286148475,0.00905926314883707,0.19661153776253198,0.0005630947386531914,0.09667930013811203
47,-0.003547985854068758,0.002821993610868234,-0.0263015301760662,-0.014766995990608666,-0.18236678182238192,0.010857814997196059,0.0025812274701430328,0.018824013687516416,-0.0255902230239879,-0.15561247142667675,0.021762531702044396,-0.06380186695380588,-0.02153530075605955,0.0006733480088365051,0.04141396109401958,0.013955603849221964,-0.01863574873457612
48,5.6748104601278546e-05,0.003540816471046193,-0.04124353533999514,-0.0022705515446766133,-0.14310952049970765,0.04641186722206694,0.0008225062758685176,0.013880881279303581,-0.0027667484394149344,-0.12989927610547553,-0.012864826073912239,-0.14923510776842058,0.017908327105995013,0.025822004271371445,0.44519361084485026,0.012778172966759427,0.03965568417871028
49,-0.06616573093297615,-0.09397758857215244,0.41874611883879853,-0.03440390742086867,0.000826010823963741,0.0871903039706271,0.0540534540091546,0.17787803211435754,-0.0328737812879909,0.012300954861760815,-0.04910922545853098,-0.29129328898256135,-0.006772029246252776,0.0372113450257636,0.06963160717083997,0.005989888288447464,-0.047231969575347456
50,0.039959823229749426,0.03809785976875106,0.025936722583677296,0.045652883321536386,-0.13098097247138232,-0.039126114767634765,-0.09061563550758957,-0.06860425578757234,0.04606872580307173,-0.1381995824317947,-0.0003253711717724816,-0.060601873526999736,0.00020672188183574748,0.1126412448397796,0.06147466607678469,0.028618016224134336,0.043227273071563974
51,-0.20351674041329426,-0.21676051166858165,0.16321879868980937,-0.30696839373170814,-0.4058166166265371,-0.030107093438551093,0.14188256139038757,0.3596523774677812,-0.48284567527757555,-0.4970623826226525,-0.04117969942317472,0.03146192243131618,0.03472046913157349,0.07913366687696743,-0.4704900520682654,0.014567844210149316,-0.5888326290245574
52,-0.051413767805717735,-0.05858066043309821,0.1473197338955868,-0.03404726058748643,0.021932682839068896,-0.031124072473885444,0.03143599452647128,0.0686648666358506,-0.02787601636379916,0.02661060648474727,-0.02381028228591222,-0.1010865948408564,0.0010365299087364943,0.07425530006459068,-0.011391125084581422,0.030559732083536174,-0.032207432629799394
53,-0.0011219923943151743,-0.0013473540193191468,-0.006625270930231108,0.0012580199802197044,-0.10018897185525692,-0.002695346563982226,-0.017835965759077078,0.007809746634854476,0.010349478358107322,-0.09649735116526051,-0.009932641590273439,-0.02344031626714963,0.04501037136702194,-0.017511452245375158,0.23373102815460486,-0.024978485513505556,0.04309128117607482
54,0.03967492322681924,0.04148972585958762,0.09695453483831831,0.04562046402001755,-0.026734853429896288,0.010295295967867657,-0.007060317504128011,-0.05720783985497905,0.05121005584708945,-0.012257726904157318,0.04835572438919056,-0.05358029545026564,-0.025283986624381284,0.11225856931668213,0.08479610591640831,0.012657905793965585,0.06290326233835739
55,0.032759520707864,0.037815576436915056,0.008956636506996707,0.0422444419725521,0.005394203639287398,0.014602402931826441,-0.016057668726573715,-0.022209300390459652,0.057012527599461904,0.034996696481495615,0.028540712684087054,-0.07224630190451396,0.003055603064556711,0.018230043306072096,0.1800799088257646,0.00016547302536916718,0.07667357892078243
56,-0.053624297166678936,-0.05512910153213184,0.2283143959368381,-0.03559864849060641,0.11466585237378935,-0.060998325882387516,0.01432462262047025,0.0774680323156598,-0.027221583912895198,0.13442004359291532,-0.004768695929822098,-0.3107579432891172,0.006003269194204175,0.10788211166932846,-0.0318039121230453,0.011439380113058274,-0.03965153124438314
57,-0.031259936645695416,-0.039936373110547166,0.27116340932311533,-0.030836253062874207,0.126839994592545,0.007127259915786133,-0.019206842608183016,-0.0019277760085754324,-0.025526893326328293,0.09235229471313704,-0.015698619280496207,-0.05027865185782889,-0.00824295280932894,0.05429482195188249,0.010258062903045383,-0.02918629627867495,-0.012160663276159589
58,-0.014497674076200529,-0.016486689249940057,0.12430373915150797,-0.012439498014360183,0.07982766819002934,0.00115423009971094,0.04187154629067639,0.0670098736137312,-0.012421162126012686,0.07430620041349809,-0.02351031167417611,-0.05909332495462512,-0.005689500192666108,0.03016944226963413,-0.0018703799866724101,0.019593588561801312,0.010290280448044009
59,0.060374077215729,0.05977950184913572,-0.07313641815530511,0.0648898080652047,-0.043152390235916674,0.0247089161150424,-0.07130671521734079,-0.1343115620956894,0.07161769552837038,-0.02156935147303777,0.04641698416298921,-0.06974541308492432,-0.017069374239631986,-0.067176850741392,0.12342583538430218,-0.09096162446235084,0.06576342423318189
60,-0.0018890938023962468,-0.00137269544075046,0.11059568829483404,-0.0009185225672889263,0.042351138113249996,0.00015021435256673543,-0.0004354345141840299,0.010700753232636273,0.0009281064153075835,0.036917383685616124,-0.0068100997278565,-0.003670189223535436,-0.0432150358449271,0.056739924037774635,0.02568862196088235,0.01618840944533386,0.008144545870740871
61,0.04605883596961415,0.044729283438407166,-0.0934395821359634,0.0552542617918939,-0.18550094763564162,-0.06290632963322122,-0.07714856340468126,-0.08608486074347346,0.06162761988829244,-0.13717466088498512,0.02558342758337795,-0.15578135494669337,-0.025753338376577693,0.019149372734355585,0.15139060314486832,-0.005996638708187074,0.0731074893602828
62,-0.19384190915220725,-0.18853388180178282,0.5459828840418706,-0.15523980369731302,-0.049388353788192396,-0.07373986568878547,-0.10604100305482164,0.3305514866009248,-0.12256849323431891,-0.03534145235074067,-0.033354803509333196,-0.08953386941306504,-0.028400369903163282,0.1290754268154296,-0.11397838175722645,0.03230599899525841,-0.12411319165478865
63,0.002502173929339957,0.0070242122507672144,0.05210786041591135,-0.0018732976784622047,0.08795971533287801,-0.017633547056183318,0.01219323483022745,0.02601628032829926,0.0054085775478115,0.10048442117615844,0.008872973431522602,-0.003651676021549255,-0.00014209072949935563,0.010215646924644694,0.12825015031997672,0.016435762662672215,0.10622887182783267
64,0.007033933493608502,0.002575657470820325,0.033805537204905055,0.012314980143715548,-0.1831232720677465,-0.16451979505462835,-0.02060598723266016,0.007732847210165239,0.020122618787001424,-0.16950848790429873,0.002401699157695958,-0.046181691761455146,-0.010582283621691124,-0.008489602619822545,0.12317101853281547,-0.056917561420671316,0.033057014424087094
65,-0.02077343538680604,-0.020973373596160926,0.1815284726245688,-0.015564469282868764,0.06439688521437897,-0.012868181947383928,-0.0032108522009392515,0.04267053135236533,-0.014316924035988577,0.06056582953187471,-0.00023549040125031562,-0.14404285901082226,0.006722794355623685,0.060470466446732055,0.01098263614095355,0.015380548697610453,-0.007438146770317755
66,0.045946848859497555,0.045085326581937465,-0.15575014851133634,0.05773536721489667,-0.0714591192815516,0.008412186905243701,-0.06062215104759623,-0.15845987959161817,0.07002743117695645,-0.03789708469702173,0.025686563706105624,-0.06643807958782115,-0.286104413188074,-0.10301290082841734,0.21485542266040528,-0.08548705246929555,0.06800642343615046
67,-0.08750351026926748,-0.11976195448172788,0.24789271803195279,-0.07581158807385827,0.05209104718081507,-0.015453064150602613,0.024840691856931364,0.18979341723238885,-0.08896637690879503,0.03791753303223462,-0.06359424136427136,-0.37577047781461703,0.0009598353911038693,0.04586542238876856,-0.13458586283055685,0.009125054082001326,-0.1664168944677244
68,0.060840670046512876,0.06919301936479563,-0.26803248772209376,0.07426314556296543,-0.07615698205590526,-0.041688371911319175,-0.09323560143273513,-0.32648884625351676,0.09273034510881266,-0.04343745013073306,0.004723823917158132,-0.03806806024483835,-0.03669067301030062,-0.12789177795624035,0.2699710317835232,-0.1277194957905334,0.09371291484340209
69,-0.10424303452488917,-0.10910810280757495,0.3068505777864904,-0.06820161614212943,0.005103954694907387,-0.09904817056266692,-0.03906453196260105,0.13168166546611895,-0.06224612811644261,0.01823183981827834,-0.03977336357061993,-0.2230476580459083,0.013524512351633388,0.09315157845416264,-0.05871571490378884,0.048724292213585964,-0.09080438911514295
70,-0.017700410134237166,-0.004493285793409485,0.06013750380209691,-0.011257557537018004,0.024671179296642087,-0.0110734245756812,0.009551921400706098,0.04015946378501619,-0.021532220908004364,0.03372210143200186,-0.006890882155783451,0.01804534417907825,-0.01066484368572027,0.025956544305005547,-0.00121924486051187,0.026220705115513544,1.9624810143725744e-06
71,-0.006687850582363164,-0.0009103115559528696,-0.11479904082572086,-0.009296806461224683,-0.1402125807574825,-0.027203872959119624,0.000699950088196899,-0.029385399712669756,-0.011334602793580307,-0.13697293462396254,0.030485533172799163,-0.01471417874287979,-0.23467334980590898,-0.11757400248488678,-0.0006936724818434991,-0.1401852468763495,-0.05359073088714742
72,0.020517203641516456,0.020966561344392676,-0.008857654078223831,0.02257792369098619,-0.11722329169802537,0.002165698177084141,-0.02646277269629216,-0.028032412134194117,0.0264237979360858,-0.10354215326998903,0.013458833459204022,-0.029153251720995497,-0.02657053973043011,0.03961289684673559,0.13531467446518217,0.014508579643288666,0.04928059323573568
73,-0.028571561449953896,-0.03710654264863535,0.03666074188710955,-0.03930039289483207,-0.15747254911847386,-0.004443719277957769,0.004472668596041696,0.11267745050929182,-0.05574699684657508,-0.16300031073828486,-0.011289043782098962,-0.01847651832290518,0.020226375010733898,0.03566364889821214,-0.019607685825381325,0.030013048757533013,-0.029886852441515732
74,-0.07229086099679907,-0.0813608903568526,0.9588559853947303,-0.052815797190753556,0.03130891409165737,-0.04341899839222154,-0.049339477951367505,-0.009686516668504485,-0.03914920091331038,0.017462966094867284,-0.018032172269693135,-0.25361423837351044,-0.03234473107381417,0.15790388092970012,-0.027924344689513637,0.06257362306130018,-0.037886099890119374
75,-0.006323357876632962,0.0034564273759522977,-0.07718850236054903,-0.013706473664166408,-0.2507504056438705,0.02286467024554334,-0.0058103864428697746,-0.007640855834648119,-0.026903491109832135,-0.23594321029502635,0.019500232842951347,-0.10798524642311394,-0.01678619630512961,-0.005920635088623838,0.05637885685057842,0.0009635017207260454,-0.03478127799429477
76,0.00706254126397976,0.012701745118655372,0.11300979078817845,0.00842521607885709,0.052941867081721626,-0.009325577071870483,-0.012000695434546117,0.0029887347771353824,0.010710665591505065,0.053695014816539044,0.002979401737964371,0.08907524340966817,-0.0024214716339528096,0.05017053330365452,0.024960462273021355,0.007379726079280757,0.02100035738796201
77,-0.052145109937019186,-0.06452067846512388,0.28591102052577905,-0.03048001211551925,0.17972204680487613,-0.0008104621093041331,0.025011849410578924,0.08746717180436148,-0.02600141244878853,0.16481476529661865,-0.06878192470902621,-0.3350037541736309,-0.0014575654872396536,0.045135531543295325,-0.09266952784724776,-0.040588220626211424,-0.0638765731542775
78,-0.05985257160784498,-0.08942499126289119,0.17850046349762783,-0.03562004150441008,0.047165520267697505,0.01032481830327584,0.067088724796366,0.13260202134541696,-0.04846362587328211,0.03447110999285613,-0.05342253425235205,-0.32872642630118143,0.001277371681038475,0.02813590181120269,-0.04419268672444364,-0.014117879517085662,-0.10026017380183264
79,-0.0336237863619109,-0.036685933908360016,0.1646603360352905,-0.02694670338717977,0.060925039100331965,-0.005996731565348301,-0.016261721022192855,0.0018831965598687828,-0.020910410881546892,0.05771554020141084,-0.019023044616765038,-0.08816517584135433,-0.0005343794778884358,0.06053334027476305,0.011029585475234593,0.02947746972634895,-0.01516877433113587
80,-0.06933522421650958,-0.05548810050393258,0.1511150280301215,-0.06294948175243571,0.0032054533607093873,-0.15326281401534803,-0.12998946398800387,-0.10075882807911969,-0.046646270381413155,0.010212800945391964,-0.0007279108355393138,-0.009283480637715735,-0.006699689440590029,0.11591316120421506,-0.01128629567020183,0.04489331051980257,-0.02235224855868998
81,-0.1149037771615518,-0.12891311022421909,0.18197756194079692,-0.09943803677374466,0.07619794525363081,-0.08258771257017934,0.01542885275155741,0.11383783595248684,-0.09960470789377592,0.08100192637228336,-0.006918513718825481,-0.34333031695101124,-0.003924969880461893,0.05272790427337306,-0.10220894170047279,0.009202793129900532,-0.1281691926895561
82,-0.01410417663654182,-0.033377893739646704,0.004332579846636197,-0.030767536808617768,-0.27911574324560817,-0.09988109279424136,-0.031727536682976676,0.037944423455378254,-0.06636214420712805,-0.2759605455515201,-0.0470927338057892,-0.011516115991813902,-0.007479115769484124,0.05425341979723097,0.005082860792098942,0.028204231703943084,-0.11927761299304493
83,0.022607281867544148,0.019856799445408857,0.11299286480468271,0.029806607227725167,0.03743417125128749,0.00844243809990528,-0.006622203990062969,-0.006143736738680095,0.04625608945490074,0.08982914225693979,-0.0658196837720347,-0.14974785637869498,0.03663811466216864,0.08338438248272055,0.3890919219766732,-0.00020871727739300017,0.06743814636714882
84,-0.01583588146747139,-0.018174548570610582,0.11290505466823075,-0.0074689969640538536,0.09658648315126003,0.010855605257494771,0.014624818059919276,0.08099054178539689,-0.010924094692389742,0.09445250787695625,-0.003162986978280469,-0.1053250936248539,-0.01590096231772533,0.027560973287907263,0.011707274297543169,0.01156897296600905,0.006582084651720088
85,-0.06891191682879776,-0.08323779217170371,0.5668737781721952,-0.0419522386197696,0.07115276110003366,-0.05325170406554569,-0.0011591494108273092,0.0955157048683732,-0.030488610296991236,0.07518955960538845,-0.015772169618415877,-0.4809746482481104,-0.01091009582629432,0.07995832926588531,-0.060284350157172796,-0.021690255338633845,-0.051802425998394665
86,-0.07693545797859203,-0.06177091131613954,0.1406026392835585,-0.0320722266300202,0.00832828834894166,-0.06443413999260278,0.010997604758305768,0.12940216079091896,-0.04187473794571715,0.016990136527069977,-0.0051809681209533665,-0.022211608384880722,-0.0018138497309544755,0.04111672729216999,-0.10190751646095426,0.013216951332194393,-0.06401048898104543
87,0.013535541473884171,0.018312610200690915,0.09097805722325897,0.013720682317531863,0.06418888639758474,-0.05801310950523979,-0.005596306231612303,0.01959973824534733,0.019798984886096514,0.07324343840512564,-0.014332980510223725,0.0744834397572784,-0.03811432597679478,-0.013305640588412526,0.07218476632487093,-0.01793368736026112,0.03629079224239125
88,0.08824128290786817,0.08214546714473485,-0.03924989044940552,0.08966994477063076,-0.5239244554003871,-0.5521736280935634,-0.24964376726305598,-0.20300770883735883,0.08661809894474044,-0.5590050859711049,0.07926451834802864,-0.04949564484567248,-0.013266599625989261,0.11607728707659751,0.22236349187039725,0.019140263216432495,0.0864816302010715
89,-0.08897273336483251,-0.11054564399785734,0.31167164441229006,-0.058214057001931684,0.0037695302214021064,-0.000839155109453249,0.040246329613527934,0.19420319736398606,-0.07160040778737571,-0.006392208092991169,-0.04326161594695456,-0.17375870826634388,0.0390395902567512,0.09227851000885881,-0.06554404166059971,0.0235069775740676,-0.09894041856334188
90,-0.07557636632150025,-0.09113567526495814,0.17351442681145554,-0.09213399521228935,-0.2707291786284121,-0.02497949376902344,0.0028641056211232917,0.19396984430009362,-0.12939984163817037,-0.31368862341705644,0.07850960866161608,0.02190848335905806,0.10288629165383742,-0.12486540012236888,-0.154387502209463,-0.10984976138829738,-0.24305281756360517
91,-0.009536826088750195,-0.021534742264409545,0.119557312473566,-0.012139139061986048,0.057537929434779186,-0.048248155525923965,0.009778384734954326,0.0848924379853955,-0.014752780394867649,0.04417111245825515,0.000935312259245602,-0.07311445247717442,-0.04086976284243896,0.0558955714485598,0.0274072415256721,0.01901675233582677,0.013537550816213806
92,-0.0033622542933896328,0.0008612630641572361,0.13422946821096954,-0.00027546482064260135,0.07791037224192379,-0.016157146922173536,0.011668228222249366,0.035649682835482144,0.0033570654511107965,0.07829918644508775,0.013703030143408257,-0.013509406693765736,-0.027147046227140547,0.030959187940263488,0.011494150871716624,0.0019375741893608244,0.007752064694949046
93,0.05129725496365336,0.048937817019949995,0.008120974506536505,0.057273873630208104,-0.22250882637210423,-0.17456286165247117,-0.0746217791216377,-0.10959578190660517,0.05961119521679907,-0.18488217964485867,-0.000956058792493919,-0.10454871583144468,-0.006167621632839859,0.04595306465826832,0.21813718157272105,0.007086494245486264,0.0753173449373075
94,-0.1099214492443813,-0.06417115558913764,-0.0066943579754191965,-0.17397043861709477,-0.220168007690843,-0.09421279747416941,0.03991161746980654,0.16738963742608912,-0.29676832775034073,-0.3048268943769227,-0.14819335333242253,0.0609160402588244,0.016022807373680427,0.037909882723875764,-0.39571646079330003,-0.024735494784954314,-0.43365936752703327
95,-0.06687952231987798,-0.06699676389318775,0.9521561093406385,-0.05227584536247104,0.010012830539120022,-0.04201400344701491,-0.08914975520778186,0.16554912440121738,-0.03889462214396916,0.009952760602818722,0.009983461867804388,-0.0896561926706458,-0.07012290629532783,0.26362338511541805,-0.028707308062426974,-0.01557013536903964,-0.023090034762938916
96,-0.030338937461748927,-0.028060642190385066,0.24517201807951466,-0.024870004231242016,0.07427010591853075,-0.04859229332454164,-0.05562620540755804,0.011440814250864028,-0.01722208809240272,0.05467376742842839,-0.00045975622743706925,-0.13259045525632387,-0.0010806330641240703,0.11173535531389303,0.005328009426897018,0.01607954697491527,-0.010542994300224451
97,-0.08504688197100572,-0.0927273669898028,0.4093528440915506,-0.059133729937051835,-0.10931162307418382,-0.013909159690035944,-0.017334161556219075,0.15865633272510712,-0.03933480520132682,-0.08158147894331644,-0.02546013368782869,-0.1213745441652954,0.02072057713941571,0.0750045682090186,0.10402924641245184,0.019326350107843983,-0.043947792922936935
98,-0.03441700178938785,-0.027815067832298278,0.4829049485276256,-0.030738185029084854,0.020116181904529063,-0.03775665014646797,-0.13245432040589614,0.1631447740025033,-0.018083053649371062,0.0012259845445897533,-0.02183572901379227,0.02032235022425688,-0.1163267540716399,0.08414192206154687,0.029065436797250644,0.005386655408644803,0.00804671320437067
99,-0.346735297205116,-0.35061842774801183,0.39267888881926555,-0.6169320077685555,-0.561308637627772,-0.0065444489812602315,0.08951599845185103,0.4179308191334245,-0.8271607605488953,-0.6280787299473668,-0.0630739387161769,-0.03787400368911955,0.04103662653466276,0.13085590702801872,-0.6152476536080556,-0.11904935654650281,-0.8664838094058785
100,0.017580724345148412,0.008489620046263168,0.021742940648673725,0.02848275109491425,-0.006121466412203435,0.01497826017730255,-0.004195752512819872,-0.024845909154833045,0.04089221363401572,0.02743783687459165,-0.02671657763275017,-0.23299082509991212,-0.0482804272705861,0.009262023554861743,0.11511453724001815,0.0020083807806168474,0.05695766228734467
